[{"model": "contenttypes.contenttype", "pk": 1, "fields": {"app_label": "admin", "model": "logentry"}}, {"model": "contenttypes.contenttype", "pk": 2, "fields": {"app_label": "auth", "model": "permission"}}, {"model": "contenttypes.contenttype", "pk": 3, "fields": {"app_label": "auth", "model": "group"}}, {"model": "contenttypes.contenttype", "pk": 4, "fields": {"app_label": "contenttypes", "model": "contenttype"}}, {"model": "contenttypes.contenttype", "pk": 5, "fields": {"app_label": "sessions", "model": "session"}}, {"model": "contenttypes.contenttype", "pk": 6, "fields": {"app_label": "rumahsakit", "model": "daerah"}}, {"model": "contenttypes.contenttype", "pk": 7, "fields": {"app_label": "rumahsakit", "model": "fasilitas"}}, {"model": "contenttypes.contenttype", "pk": 8, "fields": {"app_label": "rumahsakit", "model": "poliklinik"}}, {"model": "contenttypes.contenttype", "pk": 9, "fields": {"app_label": "rumahsakit", "model": "rumahsakit"}}, {"model": "contenttypes.contenttype", "pk": 10, "fields": {"app_label": "dokter", "model": "spesialis"}}, {"model": "contenttypes.contenttype", "pk": 11, "fields": {"app_label": "dokter", "model": "doctor"}}, {"model": "contenttypes.contenttype", "pk": 12, "fields": {"app_label": "akun", "model": "customuser"}}, {"model": "contenttypes.contenttype", "pk": 13, "fields": {"app_label": "akun", "model": "direkturrs"}}, {"model": "contenttypes.contenttype", "pk": 14, "fields": {"app_label": "akun", "model": "admin"}}, {"model": "sessions.session", "pk": "65fpxu2vf45jwvtklyp3p3xh89uwzq5f", "fields": {"session_data": "NmMyYmIxNDQ2MGZkNGUxNTUwY2NhYWJlZTZhOTkxOWVmYTg1YTdmMzp7Il9hdXRoX3VzZXJfaWQiOiI5IiwiX2F1dGhfdXNlcl9iYWNrZW5kIjoiZGphbmdvLmNvbnRyaWIuYXV0aC5iYWNrZW5kcy5Nb2RlbEJhY2tlbmQiLCJfYXV0aF91c2VyX2hhc2giOiI5MmNiNWEzMGQ1MzQyMDE0ZThiZTMyOTA1MmQzZTFkODMxYjdiZjZjIn0=", "expire_date": "2021-01-22T10:05:55.968Z"}}, {"model": "sessions.session", "pk": "gc2a2stqg2oz7r95jhfl75ca43c2ly12", "fields": {"session_data": ".eJxVjMsOwiAQRf-FtSEdHhVcuvcbyMAMUjWQlHZl_HfbpAvdnnPufYuA61LC2nkOE4mL8OL0yyKmJ9dd0APrvcnU6jJPUe6JPGyXt0b8uh7t30HBXrY1DA4tQh4V-qT9QGgykFO0cac0GYazBzaAxhEny5msUTCidkPUjsXnC-FgN8s:1kdr02:PRjgGPrP7jJsFITO95XmOSIsLwBMVYLPbOnfgQBWwYk", "expire_date": "2020-11-28T08:33:34.712Z"}}, {"model": "sessions.session", "pk": "hcw03d824r4u2adygtlc9p9mwhvkov5u", "fields": {"session_data": "ZTlkMjcwZjk5NWIwZjY4YTYxOWZmZDcyOWZmOGZhYWQyMDE4YWViODp7Il9hdXRoX3VzZXJfaWQiOiIxIiwiX2F1dGhfdXNlcl9iYWNrZW5kIjoiZGphbmdvLmNvbnRyaWIuYXV0aC5iYWNrZW5kcy5Nb2RlbEJhY2tlbmQiLCJfYXV0aF91c2VyX2hhc2giOiI0YWRiNzJiMmI5YTcxMDVhYWVmMTgzM2ZkZDkzNTNjODJhYTA4ZTRmIn0=", "expire_date": "2021-03-15T09:18:55.729Z"}}, {"model": "sessions.session", "pk": "pslzvhk01qqyp94j24gt7u3178efcar9", "fields": {"session_data": "ZTlkMjcwZjk5NWIwZjY4YTYxOWZmZDcyOWZmOGZhYWQyMDE4YWViODp7Il9hdXRoX3VzZXJfaWQiOiIxIiwiX2F1dGhfdXNlcl9iYWNrZW5kIjoiZGphbmdvLmNvbnRyaWIuYXV0aC5iYWNrZW5kcy5Nb2RlbEJhY2tlbmQiLCJfYXV0aF91c2VyX2hhc2giOiI0YWRiNzJiMmI5YTcxMDVhYWVmMTgzM2ZkZDkzNTNjODJhYTA4ZTRmIn0=", "expire_date": "2021-02-17T06:57:12.553Z"}}, {"model": "sessions.session", "pk": "uyzea4okclcbxalt9a5yonmkh2nienmr", "fields": {"session_data": ".eJxVjMsOwiAQRf-FtSEdHhVcuvcbyMAMUjWQlHZl_HfbpAvdnnPufYuA61LC2nkOE4mL8OL0yyKmJ9dd0APrvcnU6jJPUe6JPGyXt0b8uh7t30HBXrY1DA4tQh4V-qT9QGgykFO0cac0GYazBzaAxhEny5msUTCidkPUjsXnC-FgN8s:1kiCJn:k_6db2OglW3DGy1sSUjQYiN1lrSzs_mcjdIemqPoeAg", "expire_date": "2020-12-10T08:07:55.125Z"}}, {"model": "sessions.session", "pk": "wy6mywctst9jbgwky7k4i08oip7f78cp", "fields": {"session_data": ".eJxVjEEOwiAQRe_C2hAG6UBduu8ZyMCAVA0kpV0Z765NutDtf-_9l_C0rcVvPS1-ZnERIE6_W6D4SHUHfKd6azK2ui5zkLsiD9rl1Dg9r4f7d1Col289JocBDGkOCofAbGN0I-asDIJ1BjSps7aJkSyZrCxSJmDCnAanNYj3B-k8N_w:1kFxeT:jksHdDZMA1PqKrWegPKABfI9m7bY3A2ThnjXCudWNVk", "expire_date": "2020-09-23T10:48:33.665Z"}}, {"model": "sessions.session", "pk": "zcv3wu54ybuzf9l23qtnnc9fz2untw5d", "fields": {"session_data": "ZTlkMjcwZjk5NWIwZjY4YTYxOWZmZDcyOWZmOGZhYWQyMDE4YWViODp7Il9hdXRoX3VzZXJfaWQiOiIxIiwiX2F1dGhfdXNlcl9iYWNrZW5kIjoiZGphbmdvLmNvbnRyaWIuYXV0aC5iYWNrZW5kcy5Nb2RlbEJhY2tlbmQiLCJfYXV0aF91c2VyX2hhc2giOiI0YWRiNzJiMmI5YTcxMDVhYWVmMTgzM2ZkZDkzNTNjODJhYTA4ZTRmIn0=", "expire_date": "2020-12-31T09:24:40.367Z"}}, {"model": "rumahsakit.poliklinik", "pk": 1, "fields": {"poliklinik": "Poliklinik Bedah", "keterangan": "Poliklinik bedah merupakan poli yang menangani pengobatan penyakit dan luka dengan menggunakan metode bedah (operatif)"}}, {"model": "rumahsakit.poliklinik", "pk": 2, "fields": {"poliklinik": "Poliklinik Jantung Dan Pembuluh Darah", "keterangan": "Poliklinik jantung dan pembuluh darah berkaitan dengan mencegah, mendiagnosis, dan melakukan pengobatan berbagai penyakit kardiovaskuler seperti tekanan darah tinggi sampai serangan jantung"}}, {"model": "rumahsakit.poliklinik", "pk": 3, "fields": {"poliklinik": "Poliklinik Penyakit Kulit Dan Kelamin", "keterangan": "Poliklinik Penyakit Kulit dan Kelamin berfokus untuk menangani masalah kesehatan pada kulit dan kelamin seperti alergi kulit, infeksi jamur, herpes zoster (cacar api/cacar ular) , Psoriasis (penumpukan sel kulit mati) , kanker kulit dan juga beberapa permasalahan kelamin seperti penyakit menular seksual."}}, {"model": "rumahsakit.poliklinik", "pk": 4, "fields": {"poliklinik": "Poliklinik Pulmologi Dan Paru Paru", "keterangan": "Poliklinik ini merupakan cabang dari ilmu kedokteran penyakit dalam yang melibatkan saluran pernafasan baik karena gangguan paru-paru maupun sistem pernafasan"}}, {"model": "rumahsakit.poliklinik", "pk": 5, "fields": {"poliklinik": "Poliklinik Saraf", "keterangan": "Poliklinik saraf berkaitan dengan menangani kelainan pada sistem saraf manusia, dimana seorang neurolog menangani pasien dewasa dengan mendiagnosis, memberikan perawatan pada pasien yang memiliki kelainan syaraf . Kelainan dan terganggunya sistem saraf dapat menyebabkan gangguan pada sebagian maupun seluruh fungsi tubuh."}}, {"model": "rumahsakit.poliklinik", "pk": 6, "fields": {"poliklinik": "Poliklinik Umum", "keterangan": "Poliklinik umum merupakan poli yang berkaitan dengan tenaga medis yang melakukan praktik medis untuk memeriksa segala kemungkinan dari masalah kesehatan pasien secara umum dari segala usia"}}, {"model": "rumahsakit.poliklinik", "pk": 7, "fields": {"poliklinik": "Poliklin Gigi Umum", "keterangan": "Poliklinik Gigi Umum merupakan praktisi kesehatan yang meliputi tindakan preventif, promotif, kuratif dan rehabilitatif terhadap kondisi gigi dan mulut pasien."}}, {"model": "rumahsakit.poliklinik", "pk": 8, "fields": {"poliklinik": "Poliklinik Gigi Spesialis", "keterangan": "Poliklinik Gigi Spesialis berkaitan dengan spesialis lanjutan dari dokter gigi yang mempelajari rongga dalam mulut secara lebih mendalam lagi mulai dari rahang mulut, gusi, letak gigi, dan implan gigi."}}, {"model": "rumahsakit.poliklinik", "pk": 9, "fields": {"poliklinik": "Poliklinik Anak", "keterangan": "Poliklinik Anak berfokus kesehatan anak yang dimulai sejak mereka dilahirkan hingga berusia 18 / 21 tahun. Tidak hanya berfokus pada aspek penunjang kesehatan yang dibutuhkan oleh anak, namun juga gangguan kesehatan pada anak seperti penyakit, kelainan, alergi, dan sebagainya yang dapat mengganggu tumbuh kembang anak."}}, {"model": "rumahsakit.poliklinik", "pk": 10, "fields": {"poliklinik": "Poliklinik Gizi", "keterangan": "Poliklinik Gizi berfokus pada mengupayakan pengembangan dan keilmuan gizi berstandar internasional dengan mempelajari hubungan antara makanan dan zat-zat gizi dengan kesehatan dan penyakit -penyakit terkait gizi"}}, {"model": "rumahsakit.poliklinik", "pk": 11, "fields": {"poliklinik": "Poliklinik Mata", "keterangan": "Poliklinik Mata berfokus pada penanganan mata manusia dengan melakukan pemeriksaan, pencegahan terhadap kerusakan, cedera, gangguan penglihatan dan penyakit mata"}}, {"model": "rumahsakit.poliklinik", "pk": 12, "fields": {"poliklinik": "Poliklinik Penyakit Dalam", "keterangan": "Poliklinik Penyakit Dalam berfokus pada penanganan berbagai macam penyakit yang berkaitan dengan masalah kesehatan pada organ tubuh bagian dalam yang diderita. Poliklinik ini biasanya hanya menangani pasien orang dewasa hingga lansia namun tidak dapat melakukan proses pembedahan untuk mengobati penyakit yang dialami."}}, {"model": "rumahsakit.poliklinik", "pk": 13, "fields": {"poliklinik": "Psikiatri", "keterangan": "Psikiatri berfokus pada ilmu medis yang mempelajari tentang diagnosis pengobatan dan pencegahan terhadap gangguan pada emosional, perilaku dan juga mental manusia"}}, {"model": "rumahsakit.poliklinik", "pk": 14, "fields": {"poliklinik": "Poliklinik Kedokteran Fisik Dan Rehabilitasi", "keterangan": "Poliklinik Kedokteran Fisik dan Rehabilitasi berfokus pada mengupayakan pelayanan kesehatan terhadap gangguan fisik dan fungsional yang diakibatkan karena kondisi penyakit tertentu dimana yang dalam pengobatannya menggunakan media fisik untuk memfokuskan diri terhadap pemulihan pasien."}}, {"model": "rumahsakit.poliklinik", "pk": 15, "fields": {"poliklinik": "Poliklinik THT", "keterangan": "Poliklinik Telinga Hidung Tenggorokan (THT) atau dalam istilah kedokteran dikenal sebagai otolaringologi/Otoringolaringologi berfokus pada penanganan permasalahan yang berhubungan dengan Telinga, Hidung, tenggorokan serta kepala dan leher"}}, {"model": "rumahsakit.poliklinik", "pk": 16, "fields": {"poliklinik": "Poliklinik Kandungan Dan Kebidanan", "keterangan": "Poliklinik Kandungan dan Kebidanan berfokus pada penanganan proses kehamilan pada seorang Ibu hingga proses persalinan"}}, {"model": "rumahsakit.poliklinik", "pk": 17, "fields": {"poliklinik": "Laboratorium", "keterangan": "Laboratorium adalah salah satu instalasi di rumah sakit yang merupakan pelayanan penunjang yang bertujuan untuk membantu mendiagnosis penyakit serta dapat membantu melihat resiko penyakit agar dapat diatasi sejak dini\ufeff"}}, {"model": "rumahsakit.poliklinik", "pk": 18, "fields": {"poliklinik": "Home Care", "keterangan": "Homecare adalah pelayanan kesehatan yang berkesinambungan yang biasa diberikan kepada pasien di lingkungan tempat tinggal pasien. dimana pelayanan ini menghadirkan perawat profesional untuk merawat menemani dan menggantikan tugas keluarga dalam menjaga pasien baik dilingkungan rumah sakit maupun rumah"}}, {"model": "rumahsakit.poliklinik", "pk": 19, "fields": {"poliklinik": "Medical Check Up", "keterangan": "Medical check up adalah serangkaian uji kesehatan rutin yang dilakukan di rumah sakit untuk memeriksa kesehatan tubuh secara keseluruhan dan mengantisipasi risiko penyakit."}}, {"model": "rumahsakit.poliklinik", "pk": 20, "fields": {"poliklinik": "Poliklinik Radiologi", "keterangan": "Poliklinik Radiologi berkaitan dengan ilmu kedokteran yang memanfaatkan radiasi untuk terapi atau studi pencitraan. radiasi diagnostik yang dilakukan bertujuan untuk dapat melihat bagian dalam tubuh tanpa perlu adanya prosedur invasif."}}, {"model": "rumahsakit.poliklinik", "pk": 22, "fields": {"poliklinik": "Poliklinik Patologi Anatomi", "keterangan": "Kedokteran patologi anatomi adalah cabang dari ilmu patologi yang memeriksa perubahan jaringan tubuh akibat adanya suatu penyakit berdasarkan pemeriksaan kasar, mikroskopik, dan molekuler atas organ, jaringan, dan sel."}}, {"model": "rumahsakit.poliklinik", "pk": 23, "fields": {"poliklinik": "Poliklinik Patologi", "keterangan": "Kedokteran patologi klinik adalah cabang dari ilmu patologi. dimana spesialisasi ini berfokus untuk mengkaji perubahan pada fungsi yang nyata pada fisiologis tubuh. dimana ilmu ini meneliti perjalanan penyakit dengan mengambil sampel dari penderita dan melakukan diagnosis dan analisis laboratorium atas cairan tubuh, darah, urin, dan jaringan dengan menggunakan piranti kimiawi, mikrobiologi, hematologi, dan patologi mokuler."}}, {"model": "rumahsakit.poliklinik", "pk": 24, "fields": {"poliklinik": "Poliklinik Anestesiologi dan Terapi Intensif", "keterangan": "Anesthesiologist (Spesialis Anestesiologi dan Terapi intensif) adalah dokter spesialis yang melakukan anestesi (pembiusan) pada pasien pra operasi / sebelum melakukan proses pembedahan dan untuk beberapa tindakan medis lainnya."}}, {"model": "rumahsakit.fasilitas", "pk": 1, "fields": {"fasilitas": "Ambulans"}}, {"model": "rumahsakit.fasilitas", "pk": 2, "fields": {"fasilitas": "Farmasi"}}, {"model": "rumahsakit.fasilitas", "pk": 3, "fields": {"fasilitas": "Instalasi Rawat Jalan"}}, {"model": "rumahsakit.fasilitas", "pk": 4, "fields": {"fasilitas": "Instalasi Gawat Darurat"}}, {"model": "rumahsakit.fasilitas", "pk": 5, "fields": {"fasilitas": "Instalasi Gizi"}}, {"model": "rumahsakit.fasilitas", "pk": 6, "fields": {"fasilitas": "Instalasi Rawat Inap"}}, {"model": "rumahsakit.fasilitas", "pk": 7, "fields": {"fasilitas": "Instalasi Fisioterapi"}}, {"model": "rumahsakit.fasilitas", "pk": 8, "fields": {"fasilitas": "Kantin"}}, {"model": "rumahsakit.fasilitas", "pk": 9, "fields": {"fasilitas": "Area Parkir"}}, {"model": "rumahsakit.fasilitas", "pk": 10, "fields": {"fasilitas": "Instalasi Maternal Perinatal"}}, {"model": "rumahsakit.fasilitas", "pk": 11, "fields": {"fasilitas": "Unit Perawatan Intensif"}}, {"model": "rumahsakit.fasilitas", "pk": 12, "fields": {"fasilitas": "ATM"}}, {"model": "rumahsakit.fasilitas", "pk": 13, "fields": {"fasilitas": "Instalasi Laktasi"}}, {"model": "rumahsakit.fasilitas", "pk": 14, "fields": {"fasilitas": "Instalasi Kecantikan"}}, {"model": "rumahsakit.fasilitas", "pk": 15, "fields": {"fasilitas": "Bank Darah"}}, {"model": "rumahsakit.fasilitas", "pk": 16, "fields": {"fasilitas": "Ruang Tunggu"}}, {"model": "rumahsakit.fasilitas", "pk": 17, "fields": {"fasilitas": "High Care Unit (HCU)"}}, {"model": "rumahsakit.fasilitas", "pk": 18, "fields": {"fasilitas": "Instalasi Bedah"}}, {"model": "rumahsakit.fasilitas", "pk": 19, "fields": {"fasilitas": "Medical Check Up"}}, {"model": "rumahsakit.fasilitas", "pk": 20, "fields": {"fasilitas": "Instalasi Radiologi"}}, {"model": "rumahsakit.daerah", "pk": 1, "fields": {"daerah": "Bandung"}}, {"model": "rumahsakit.daerah", "pk": 2, "fields": {"daerah": "Cimahi"}}, {"model": "rumahsakit.rumahsakit", "pk": 1, "fields": {"nama": "Rumah Sakit Al-Islam", "image": "img/RS/hospital_al_islam.jpg", "alamat": "Jl. Soekarno-Hatta No.644, Manjahlega, Kec. Rancasari, Kota Bandung, Jawa Barat 40286", "no_telp": "(022) 7562046", "deskripsi": "Rumah Sakit Al Islam Bandung, pertama kali beroperasi pada 01 Agustus 1990 di bawah yayasan RSI KSWI Jawa Barat, Rumah Sakit Al Islam Bandung memiliki visi menjadi Rumah Sakit Islam yang unggul, terpercaya dalam pelayanan pendidikan, dengan Misi Melaksanakan pelayanan kesehatan dengan memberi kepuasan kepada konsumen sehingga melebihi apa yang diharapkannya.", "daerah": 2, "slug": "rumah-sakit-al-islam", "poliklinik": [18, 17, 19, 7, 9, 1, 8, 10, 2, 16, 14, 11, 12, 3, 4, 20, 5, 15, 6, 13], "fasilitas": [1, 2, 7, 4, 5, 6, 3]}}, {"model": "rumahsakit.rumahsakit", "pk": 2, "fields": {"nama": "Rumah Sakit Hermina Arcamanik", "image": "img/RS/hospital_hermina_arcamanik.jpg", "alamat": "Jl. A.H. Nasution No.50, Antapani Wetan, Kec. Antapani, Kota Bandung, Jawa Barat 40291", "no_telp": "(022) 87242525", "deskripsi": "Rumah Sakit Hermina Arcamanik adalah salah satu RS dibawah naungan Hermina Hospital Group yang didirikan pada tahun 2010. Memiliki Visi menjadikan Hermina sebagai Rumah Sakit yang tumbuh, sehat dan terkemuka diwilayah cakupannya dengan unggulan pelayanan kesehatan Ibu dan Anak dan mampu bersaing di Era Globalisasi. Dengan Misi Melakukan upaya berkelanjutan untuk meningkatkan mutu pelayanan dan keselamatan pasien dan Menjalankan pengelolaan rumah sakit secara profesional agar tercapai efisiensi dan efektivitas yang tinggi.", "daerah": 1, "slug": "rumah-sakit-hermina-arcamanik", "poliklinik": [17, 20], "fasilitas": [1, 2, 6, 3]}}, {"model": "rumahsakit.rumahsakit", "pk": 3, "fields": {"nama": "Rumah Sakit Kasih Bunda", "image": "img/RS/hospital_kasih_bunda.png", "alamat": "Jl. Mahar Martanegara No.166, Baros, Kec. Cimahi Sel., Kota Cimahi, Jawa Barat 40533", "no_telp": "(022) 6614221", "deskripsi": "Rumah Sakit Umum Kasih Bunda didirikan pada tahun 2012, dibawah naungan PT. Mitra Medika Sejati. Rumah Sakit Kasih Bunda memiliki Visi menjadikan Rumah Sakit terbaik dengan pelayanan yang cepat, tepat, profesional, dan penuh kasih, dengan Misi memberi pelayanan terpadu, menciptakan lingkungan yang aman, nyaman, dan bersih, dan meningkatkan kualitas SDM.", "daerah": 2, "slug": "rumah-sakit-kasih-bunda", "poliklinik": [17, 19, 7, 9, 1, 10, 2, 16, 14, 11, 12, 3, 4, 20, 5, 15, 6, 13], "fasilitas": [12, 1, 9, 2, 7, 4, 5, 10, 6, 3, 8, 11]}}, {"model": "rumahsakit.rumahsakit", "pk": 4, "fields": {"nama": "Rumah Sakit Advent Bandung", "image": "img/RS/hospital_advent_bandung.jpg", "alamat": "Jl. Cihampelas No.161, Cipaganti, Kecamatan Coblong, Kota Bandung, Jawa Barat 40131", "no_telp": "(022) 20343869", "deskripsi": "RS Advent Bandung didirikan pada tahun 1950 dibawah naungan Yayasan Gereja Masehi Advent Hari Ketujuh. RS Advent Bandung menyediakan pelayan unggulan seperti Hemodialisa, Hiperbaric, Intervensi Jantung, Uroginekologi, dll. RS Advent Bandung mempunyai visi untuk menjadi Rumah Sakit Terbaik Dalam Pelayanan Kesehatan di Bandung Tahun 2020.", "daerah": 1, "slug": "rumah-sakit-advent-bandung", "poliklinik": [19, 9, 1, 8, 10, 2, 16, 14, 11, 12, 20, 15, 6, 13], "fasilitas": [12, 1, 15, 2, 7, 4, 5, 14, 13, 10, 6, 3, 8, 11]}}, {"model": "rumahsakit.rumahsakit", "pk": 5, "fields": {"nama": "Rumah Sakit Avisena", "image": "img/RS/hospital_avisena_03jFrsh.jpg", "alamat": "Jl. Melong Raya No.170, Melong, Kec. Cimahi Sel., Kota Cimahi, Jawa Barat 40534", "no_telp": "(022) 6000830", "deskripsi": "Rumah Sakit Umum Avisena merupakan rumah sakit umum yang sudah beroperasi sejak tahun 2012 dibawah naungan PT Avisena Mandiri Sejahtera, dan berlokasi di Cimahi, Jawa Barat. RSU Avisena memiliki Visi mewujudkan rumah sakit yang unggul dan terpercaya. Dengan Misi memberikan pelayanan yang profesional, kekeluargaan, dan amanah, Mendukung program pemerintah untuk meningkatkan derajat kesehatan masyarakat", "daerah": 2, "slug": "rumah-sakit-avisena", "poliklinik": [17, 7, 9, 1, 8, 2, 16, 14, 11, 12, 3, 5, 15, 6], "fasilitas": [9, 2, 17, 18, 4, 20, 6, 3, 19, 16]}}, {"model": "rumahsakit.rumahsakit", "pk": 6, "fields": {"nama": "Rumah Sakit Mitra Kasih", "image": "img/RS/hospital_mitra_kasih_wgt4bC5.jpg", "alamat": "Jl. Jend. H. Amir Machmud No.341, Cigugur Tengah, Kec. Cimahi Tengah, Kota Cimahi, Jawa Barat 40522", "no_telp": "(022) 6652774", "deskripsi": "Rumah Sakit Mitra Kasih Cimahi di dirikan pada tahun 1988, Rumah Sakit Mitra Kasih Cimahi memiliki Visi menjadi rumah sakit pilihan masyarakat, dengan Misi memberikan pelayanan kesehatan yang bermutu sesuai dengan kemampuan masyarakat", "daerah": 2, "slug": "rumah-sakit-mitra-kasih", "poliklinik": [17, 7, 9, 1, 8, 2, 16, 14, 11, 12, 3, 4, 20, 5, 15, 6], "fasilitas": [20]}}, {"model": "rumahsakit.rumahsakit", "pk": 7, "fields": {"nama": "Rumah Sakit Pindad", "image": "img/RS/hospital_pindad_aj3D94b.jpg", "alamat": "Jl. Gatot Subroto No.517, Sukapura, Kec. Kiaracondong, Kota Bandung, Jawa Barat 40285", "no_telp": "(022) 7322877", "deskripsi": "Rumah Sakit Pindad merupakan Rumah Sakit kelas C yang terletak di wilayah Bandung berdiri dibawah naungan PT Pindad. RS Pindad Bandung memiliki Visi Menjadi rumah sakit yang profesional, mandiri, bermutu, dan terpercaya. Dengan Misi meningkatkan dan memanfaatkan sumber daya untuk memberikan pelayanan kesehatan yang efektif, efisien, bermutu dan terpercaya, memberikan pelayanan kesehatan yang berorientasi pada kepuasan pelanggan.", "daerah": 1, "slug": "rumah-sakit-pindad", "poliklinik": [17, 7, 9, 24, 1, 8, 14, 11, 23, 12, 3, 20, 5, 15, 6, 13], "fasilitas": [9, 2, 18, 7, 4, 5, 20, 6, 3, 19, 16, 11]}}, {"model": "dokter.spesialis", "pk": 1, "fields": {"spesialis": "Umum"}}, {"model": "dokter.spesialis", "pk": 2, "fields": {"spesialis": "Gigi"}}, {"model": "dokter.spesialis", "pk": 3, "fields": {"spesialis": "THT"}}, {"model": "dokter.spesialis", "pk": 4, "fields": {"spesialis": "Kebidanan Kandungan"}}, {"model": "dokter.spesialis", "pk": 5, "fields": {"spesialis": "Klinis"}}, {"model": "dokter.spesialis", "pk": 6, "fields": {"spesialis": "Psikiatri"}}, {"model": "dokter.spesialis", "pk": 7, "fields": {"spesialis": "Gigi Anak"}}, {"model": "dokter.spesialis", "pk": 8, "fields": {"spesialis": "Bedah Digestif"}}, {"model": "dokter.spesialis", "pk": 9, "fields": {"spesialis": "Penyakit Dalam"}}, {"model": "dokter.spesialis", "pk": 10, "fields": {"spesialis": "Psikosomatik"}}, {"model": "dokter.spesialis", "pk": 11, "fields": {"spesialis": "Mata"}}, {"model": "dokter.spesialis", "pk": 12, "fields": {"spesialis": "Urologi"}}, {"model": "dokter.spesialis", "pk": 13, "fields": {"spesialis": "Bedah Mulut dan Maksilofasial"}}, {"model": "dokter.spesialis", "pk": 14, "fields": {"spesialis": "Anak"}}, {"model": "dokter.spesialis", "pk": 15, "fields": {"spesialis": "Saraf"}}, {"model": "dokter.spesialis", "pk": 16, "fields": {"spesialis": "Bedah Saraf"}}, {"model": "dokter.spesialis", "pk": 17, "fields": {"spesialis": "Jantung dan Pembuluh Darah"}}, {"model": "dokter.spesialis", "pk": 18, "fields": {"spesialis": "Penyakit Kulit Dan Kelamin"}}, {"model": "dokter.spesialis", "pk": 19, "fields": {"spesialis": "Gizi"}}, {"model": "dokter.doctor", "pk": 2, "fields": {"Nama": "Dudung Syaiful", "Jenkel": "L", "tgl_lahir": "2003-09-01", "image": "img/dokter/default.png", "pengalaman": "5", "pendidikan": "Universitas Padjajaran", "slug": "dudung-syaiful", "rumahsakit": [2, 3], "spesialis": [1]}}, {"model": "dokter.doctor", "pk": 3, "fields": {"Nama": "Purnomo Selamat", "Jenkel": "L", "tgl_lahir": "2003-12-01", "image": "img/dokter/default.png", "pengalaman": "2", "pendidikan": "Universitas Gajah Mada", "slug": "purnomo-selamat", "rumahsakit": [1], "spesialis": [2]}}, {"model": "dokter.doctor", "pk": 4, "fields": {"Nama": "Mamat Keramat", "Jenkel": "L", "tgl_lahir": "2001-10-02", "image": "img/dokter/default.png", "pengalaman": "7", "pendidikan": "Universitas Gajah Mada", "slug": "mamat-keramat", "rumahsakit": [1, 3], "spesialis": [6]}}, {"model": "dokter.doctor", "pk": 5, "fields": {"Nama": "Aan Saipuloh", "Jenkel": "L", "tgl_lahir": "2003-12-11", "image": "img/dokter/default.png", "pengalaman": "2", "pendidikan": "Universitas Padjajaran", "slug": "aan-saipuloh", "rumahsakit": [5], "spesialis": [14]}}, {"model": "dokter.doctor", "pk": 6, "fields": {"Nama": "Yana Prasmana", "Jenkel": "L", "tgl_lahir": "2003-02-02", "image": "img/dokter/default.png", "pengalaman": "5", "pendidikan": "Universitas Padjajaran", "slug": "yana-prasmana", "rumahsakit": [6], "spesialis": [7]}}, {"model": "dokter.doctor", "pk": 7, "fields": {"Nama": "Cecep Kurniawan", "Jenkel": "L", "tgl_lahir": "2002-10-20", "image": "img/dokter/default.png", "pengalaman": "6", "pendidikan": "Universitas Gajah Mada", "slug": "cecep-kurniawan", "rumahsakit": [7], "spesialis": [17]}}, {"model": "dokter.doctor", "pk": 8, "fields": {"Nama": "Sendi Junaedi", "Jenkel": "L", "tgl_lahir": "2003-09-29", "image": "img/dokter/default.png", "pengalaman": "7", "pendidikan": "Universitas Gajah Duduk", "slug": "sendi-junaedi", "rumahsakit": [1, 2, 6, 7], "spesialis": [18]}}, {"model": "akun.customuser", "pk": 1, "fields": {"password": "pbkdf2_sha256$150000$lwHJdSkUXUQP$+w20CG1kDbmGHWLzaB387G/VdOWBAeh8MkmVkhHt6rs=", "role": "A", "username": "ganiya", "date_joined": "2020-09-08T05:15:12.315Z", "last_login": "2021-03-01T09:18:55.619Z", "is_admin": true, "is_staff": true, "is_superuser": true, "is_active": true}}, {"model": "akun.customuser", "pk": 2, "fields": {"password": "pbkdf2_sha256$216000$VsBBaipDKcPx$qSQtma6q/NLw24gyK+hPPkGVfoEG7nDbTa/jwPN4agY=", "role": "A", "username": "mustafa", "date_joined": "2020-09-08T05:16:44.661Z", "last_login": "2020-09-08T05:17:03.999Z", "is_admin": true, "is_staff": true, "is_superuser": true, "is_active": true}}, {"model": "akun.customuser", "pk": 8, "fields": {"password": "pbkdf2_sha256$216000$1Cpl0aR5m3fC$quRzWrCvxo2T+AQobUc863r6JsKpDP/4FI5Wrq12+AE=", "role": "D", "username": "asep", "date_joined": "2020-09-10T05:05:52.419Z", "last_login": "2020-11-14T08:25:13.268Z", "is_admin": false, "is_staff": false, "is_superuser": false, "is_active": true}}, {"model": "akun.customuser", "pk": 9, "fields": {"password": "pbkdf2_sha256$150000$H62jXP1QNMZB$6UFtF4c0jfPC5xv9KCV88KmbXLADFakZpcg6MdQD3qY=", "role": "D", "username": "mamet", "date_joined": "2020-11-14T08:28:21.118Z", "last_login": "2020-12-17T03:23:22.332Z", "is_admin": false, "is_staff": true, "is_superuser": false, "is_active": true}}, {"model": "akun.admin", "pk": 1, "fields": {"user": 1, "nama": "Ganiya Mustafa", "email": "ganiyamustaga32@gmail.com", "no_telp": "088802324920"}}, {"model": "akun.direkturrs", "pk": 4, "fields": {"user": 9, "nama": "Mamet Khusniawan", "email": "mametkhn@gmail.com", "no_telp": "089605264127", "rumahsakit": [4, 1]}}, {"model": "auth.permission", "pk": 1, "fields": {"name": "Can add log entry", "content_type": 1, "codename": "add_logentry"}}, {"model": "auth.permission", "pk": 2, "fields": {"name": "Can change log entry", "content_type": 1, "codename": "change_logentry"}}, {"model": "auth.permission", "pk": 3, "fields": {"name": "Can delete log entry", "content_type": 1, "codename": "delete_logentry"}}, {"model": "auth.permission", "pk": 4, "fields": {"name": "Can view log entry", "content_type": 1, "codename": "view_logentry"}}, {"model": "auth.permission", "pk": 5, "fields": {"name": "Can add permission", "content_type": 2, "codename": "add_permission"}}, {"model": "auth.permission", "pk": 6, "fields": {"name": "Can change permission", "content_type": 2, "codename": "change_permission"}}, {"model": "auth.permission", "pk": 7, "fields": {"name": "Can delete permission", "content_type": 2, "codename": "delete_permission"}}, {"model": "auth.permission", "pk": 8, "fields": {"name": "Can view permission", "content_type": 2, "codename": "view_permission"}}, {"model": "auth.permission", "pk": 9, "fields": {"name": "Can add group", "content_type": 3, "codename": "add_group"}}, {"model": "auth.permission", "pk": 10, "fields": {"name": "Can change group", "content_type": 3, "codename": "change_group"}}, {"model": "auth.permission", "pk": 11, "fields": {"name": "Can delete group", "content_type": 3, "codename": "delete_group"}}, {"model": "auth.permission", "pk": 12, "fields": {"name": "Can view group", "content_type": 3, "codename": "view_group"}}, {"model": "auth.permission", "pk": 13, "fields": {"name": "Can add content type", "content_type": 4, "codename": "add_contenttype"}}, {"model": "auth.permission", "pk": 14, "fields": {"name": "Can change content type", "content_type": 4, "codename": "change_contenttype"}}, {"model": "auth.permission", "pk": 15, "fields": {"name": "Can delete content type", "content_type": 4, "codename": "delete_contenttype"}}, {"model": "auth.permission", "pk": 16, "fields": {"name": "Can view content type", "content_type": 4, "codename": "view_contenttype"}}, {"model": "auth.permission", "pk": 17, "fields": {"name": "Can add session", "content_type": 5, "codename": "add_session"}}, {"model": "auth.permission", "pk": 18, "fields": {"name": "Can change session", "content_type": 5, "codename": "change_session"}}, {"model": "auth.permission", "pk": 19, "fields": {"name": "Can delete session", "content_type": 5, "codename": "delete_session"}}, {"model": "auth.permission", "pk": 20, "fields": {"name": "Can view session", "content_type": 5, "codename": "view_session"}}, {"model": "auth.permission", "pk": 21, "fields": {"name": "Can add daerah", "content_type": 6, "codename": "add_daerah"}}, {"model": "auth.permission", "pk": 22, "fields": {"name": "Can change daerah", "content_type": 6, "codename": "change_daerah"}}, {"model": "auth.permission", "pk": 23, "fields": {"name": "Can delete daerah", "content_type": 6, "codename": "delete_daerah"}}, {"model": "auth.permission", "pk": 24, "fields": {"name": "Can view daerah", "content_type": 6, "codename": "view_daerah"}}, {"model": "auth.permission", "pk": 25, "fields": {"name": "Can add fasilitas", "content_type": 7, "codename": "add_fasilitas"}}, {"model": "auth.permission", "pk": 26, "fields": {"name": "Can change fasilitas", "content_type": 7, "codename": "change_fasilitas"}}, {"model": "auth.permission", "pk": 27, "fields": {"name": "Can delete fasilitas", "content_type": 7, "codename": "delete_fasilitas"}}, {"model": "auth.permission", "pk": 28, "fields": {"name": "Can view fasilitas", "content_type": 7, "codename": "view_fasilitas"}}, {"model": "auth.permission", "pk": 29, "fields": {"name": "Can add poliklinik", "content_type": 8, "codename": "add_poliklinik"}}, {"model": "auth.permission", "pk": 30, "fields": {"name": "Can change poliklinik", "content_type": 8, "codename": "change_poliklinik"}}, {"model": "auth.permission", "pk": 31, "fields": {"name": "Can delete poliklinik", "content_type": 8, "codename": "delete_poliklinik"}}, {"model": "auth.permission", "pk": 32, "fields": {"name": "Can view poliklinik", "content_type": 8, "codename": "view_poliklinik"}}, {"model": "auth.permission", "pk": 33, "fields": {"name": "Can add rumah sakit", "content_type": 9, "codename": "add_rumahsakit"}}, {"model": "auth.permission", "pk": 34, "fields": {"name": "Can change rumah sakit", "content_type": 9, "codename": "change_rumahsakit"}}, {"model": "auth.permission", "pk": 35, "fields": {"name": "Can delete rumah sakit", "content_type": 9, "codename": "delete_rumahsakit"}}, {"model": "auth.permission", "pk": 36, "fields": {"name": "Can view rumah sakit", "content_type": 9, "codename": "view_rumahsakit"}}, {"model": "auth.permission", "pk": 37, "fields": {"name": "Can add spesialis", "content_type": 10, "codename": "add_spesialis"}}, {"model": "auth.permission", "pk": 38, "fields": {"name": "Can change spesialis", "content_type": 10, "codename": "change_spesialis"}}, {"model": "auth.permission", "pk": 39, "fields": {"name": "Can delete spesialis", "content_type": 10, "codename": "delete_spesialis"}}, {"model": "auth.permission", "pk": 40, "fields": {"name": "Can view spesialis", "content_type": 10, "codename": "view_spesialis"}}, {"model": "auth.permission", "pk": 41, "fields": {"name": "Can add doctor", "content_type": 11, "codename": "add_doctor"}}, {"model": "auth.permission", "pk": 42, "fields": {"name": "Can change doctor", "content_type": 11, "codename": "change_doctor"}}, {"model": "auth.permission", "pk": 43, "fields": {"name": "Can delete doctor", "content_type": 11, "codename": "delete_doctor"}}, {"model": "auth.permission", "pk": 44, "fields": {"name": "Can view doctor", "content_type": 11, "codename": "view_doctor"}}, {"model": "auth.permission", "pk": 45, "fields": {"name": "Can add custom user", "content_type": 12, "codename": "add_customuser"}}, {"model": "auth.permission", "pk": 46, "fields": {"name": "Can change custom user", "content_type": 12, "codename": "change_customuser"}}, {"model": "auth.permission", "pk": 47, "fields": {"name": "Can delete custom user", "content_type": 12, "codename": "delete_customuser"}}, {"model": "auth.permission", "pk": 48, "fields": {"name": "Can view custom user", "content_type": 12, "codename": "view_customuser"}}, {"model": "auth.permission", "pk": 49, "fields": {"name": "Can add direktur rs", "content_type": 13, "codename": "add_direkturrs"}}, {"model": "auth.permission", "pk": 50, "fields": {"name": "Can change direktur rs", "content_type": 13, "codename": "change_direkturrs"}}, {"model": "auth.permission", "pk": 51, "fields": {"name": "Can delete direktur rs", "content_type": 13, "codename": "delete_direkturrs"}}, {"model": "auth.permission", "pk": 52, "fields": {"name": "Can view direktur rs", "content_type": 13, "codename": "view_direkturrs"}}, {"model": "auth.permission", "pk": 53, "fields": {"name": "Can add admin", "content_type": 14, "codename": "add_admin"}}, {"model": "auth.permission", "pk": 54, "fields": {"name": "Can change admin", "content_type": 14, "codename": "change_admin"}}, {"model": "auth.permission", "pk": 55, "fields": {"name": "Can delete admin", "content_type": 14, "codename": "delete_admin"}}, {"model": "auth.permission", "pk": 56, "fields": {"name": "Can view admin", "content_type": 14, "codename": "view_admin"}}, {"model": "admin.logentry", "pk": 1, "fields": {"action_time": "2020-09-08T05:16:44.713Z", "user": 1, "content_type": 12, "object_id": "2", "object_repr": "mustafa", "action_flag": 1, "change_message": "[{\"added\": {}}]"}}, {"model": "admin.logentry", "pk": 2, "fields": {"action_time": "2020-09-08T05:16:50.298Z", "user": 1, "content_type": 12, "object_id": "2", "object_repr": "mustafa", "action_flag": 2, "change_message": "[{\"changed\": {\"fields\": [\"Role\"]}}]"}}, {"model": "admin.logentry", "pk": 3, "fields": {"action_time": "2020-09-08T05:17:26.012Z", "user": 2, "content_type": 10, "object_id": "1", "object_repr": "U", "action_flag": 1, "change_message": "[{\"added\": {}}]"}}, {"model": "admin.logentry", "pk": 4, "fields": {"action_time": "2020-09-08T05:17:35.549Z", "user": 2, "content_type": 10, "object_id": "1", "object_repr": "Umum", "action_flag": 2, "change_message": "[{\"changed\": {\"fields\": [\"Spesialis\"]}}]"}}, {"model": "admin.logentry", "pk": 5, "fields": {"action_time": "2020-09-08T05:19:19.391Z", "user": 2, "content_type": 8, "object_id": "1", "object_repr": "Poliklinik Bedah", "action_flag": 1, "change_message": "[{\"added\": {}}]"}}, {"model": "admin.logentry", "pk": 6, "fields": {"action_time": "2020-09-08T05:26:08.963Z", "user": 2, "content_type": 8, "object_id": "2", "object_repr": "Poliklinik Jantung Dan Pembuluh Darah", "action_flag": 1, "change_message": "[{\"added\": {}}]"}}, {"model": "admin.logentry", "pk": 7, "fields": {"action_time": "2020-09-08T05:26:45.780Z", "user": 2, "content_type": 8, "object_id": "3", "object_repr": "Poliklinik Penyakit Kulit Dan Kelamin", "action_flag": 1, "change_message": "[{\"added\": {}}]"}}, {"model": "admin.logentry", "pk": 8, "fields": {"action_time": "2020-09-08T05:27:49.893Z", "user": 2, "content_type": 8, "object_id": "4", "object_repr": "Poliklinik Pulmologi Dan Paru Paru", "action_flag": 1, "change_message": "[{\"added\": {}}]"}}, {"model": "admin.logentry", "pk": 9, "fields": {"action_time": "2020-09-08T05:28:14.775Z", "user": 2, "content_type": 8, "object_id": "5", "object_repr": "Poliklinik Saraf", "action_flag": 1, "change_message": "[{\"added\": {}}]"}}, {"model": "admin.logentry", "pk": 10, "fields": {"action_time": "2020-09-08T05:28:54.148Z", "user": 2, "content_type": 8, "object_id": "6", "object_repr": "Poliklinik Umum", "action_flag": 1, "change_message": "[{\"added\": {}}]"}}, {"model": "admin.logentry", "pk": 11, "fields": {"action_time": "2020-09-08T05:29:11.976Z", "user": 2, "content_type": 8, "object_id": "7", "object_repr": "Poliklin Gigi Umum", "action_flag": 1, "change_message": "[{\"added\": {}}]"}}, {"model": "admin.logentry", "pk": 12, "fields": {"action_time": "2020-09-08T05:29:28.765Z", "user": 2, "content_type": 8, "object_id": "8", "object_repr": "Poliklinik Gigi Spesialis", "action_flag": 1, "change_message": "[{\"added\": {}}]"}}, {"model": "admin.logentry", "pk": 13, "fields": {"action_time": "2020-09-08T05:29:46.750Z", "user": 2, "content_type": 8, "object_id": "9", "object_repr": "Poliklinik Anak", "action_flag": 1, "change_message": "[{\"added\": {}}]"}}, {"model": "admin.logentry", "pk": 14, "fields": {"action_time": "2020-09-08T05:30:06.504Z", "user": 2, "content_type": 8, "object_id": "10", "object_repr": "Poliklinik Gizi", "action_flag": 1, "change_message": "[{\"added\": {}}]"}}, {"model": "admin.logentry", "pk": 15, "fields": {"action_time": "2020-09-08T05:30:27.541Z", "user": 2, "content_type": 8, "object_id": "11", "object_repr": "Poliklinik Mata", "action_flag": 1, "change_message": "[{\"added\": {}}]"}}, {"model": "admin.logentry", "pk": 16, "fields": {"action_time": "2020-09-08T05:30:46.915Z", "user": 2, "content_type": 8, "object_id": "12", "object_repr": "Poliklinik Penyakit Dalam", "action_flag": 1, "change_message": "[{\"added\": {}}]"}}, {"model": "admin.logentry", "pk": 17, "fields": {"action_time": "2020-09-08T05:31:12.769Z", "user": 2, "content_type": 8, "object_id": "13", "object_repr": "Psikiatri", "action_flag": 1, "change_message": "[{\"added\": {}}]"}}, {"model": "admin.logentry", "pk": 18, "fields": {"action_time": "2020-09-08T05:31:40.600Z", "user": 2, "content_type": 8, "object_id": "14", "object_repr": "Poliklinik Kedokteran Fisik Dan Rehabilitasi", "action_flag": 1, "change_message": "[{\"added\": {}}]"}}, {"model": "admin.logentry", "pk": 19, "fields": {"action_time": "2020-09-08T05:32:02.836Z", "user": 2, "content_type": 8, "object_id": "15", "object_repr": "Poliklinik THT", "action_flag": 1, "change_message": "[{\"added\": {}}]"}}, {"model": "admin.logentry", "pk": 20, "fields": {"action_time": "2020-09-08T05:32:44.546Z", "user": 2, "content_type": 8, "object_id": "16", "object_repr": "Poliklinik Kandungan", "action_flag": 1, "change_message": "[{\"added\": {}}]"}}, {"model": "admin.logentry", "pk": 21, "fields": {"action_time": "2020-09-08T05:33:10.824Z", "user": 2, "content_type": 8, "object_id": "17", "object_repr": "Laboratorium", "action_flag": 1, "change_message": "[{\"added\": {}}]"}}, {"model": "admin.logentry", "pk": 22, "fields": {"action_time": "2020-09-08T05:33:23.932Z", "user": 2, "content_type": 8, "object_id": "18", "object_repr": "Home Care", "action_flag": 1, "change_message": "[{\"added\": {}}]"}}, {"model": "admin.logentry", "pk": 23, "fields": {"action_time": "2020-09-08T05:33:39.960Z", "user": 2, "content_type": 8, "object_id": "19", "object_repr": "Medical Check Up", "action_flag": 1, "change_message": "[{\"added\": {}}]"}}, {"model": "admin.logentry", "pk": 24, "fields": {"action_time": "2020-09-08T05:34:00.796Z", "user": 2, "content_type": 8, "object_id": "20", "object_repr": "Poliklinik Radiologi", "action_flag": 1, "change_message": "[{\"added\": {}}]"}}, {"model": "admin.logentry", "pk": 25, "fields": {"action_time": "2020-09-08T05:35:18.254Z", "user": 2, "content_type": 7, "object_id": "1", "object_repr": "Ambulans", "action_flag": 1, "change_message": "[{\"added\": {}}]"}}, {"model": "admin.logentry", "pk": 26, "fields": {"action_time": "2020-09-08T05:35:25.598Z", "user": 2, "content_type": 6, "object_id": "1", "object_repr": "Bandung", "action_flag": 1, "change_message": "[{\"added\": {}}]"}}, {"model": "admin.logentry", "pk": 27, "fields": {"action_time": "2020-09-08T05:35:58.835Z", "user": 2, "content_type": 9, "object_id": "1", "object_repr": "Rumah Sakit Al-Islam", "action_flag": 1, "change_message": "[{\"added\": {}}]"}}, {"model": "admin.logentry", "pk": 28, "fields": {"action_time": "2020-09-08T05:36:28.389Z", "user": 2, "content_type": 8, "object_id": "16", "object_repr": "Poliklinik Kandungan Dan Kebidanan", "action_flag": 2, "change_message": "[{\"changed\": {\"fields\": [\"Poliklinik\"]}}]"}}, {"model": "admin.logentry", "pk": 29, "fields": {"action_time": "2020-09-08T05:36:47.502Z", "user": 2, "content_type": 9, "object_id": "1", "object_repr": "Rumah Sakit Al-Islam", "action_flag": 2, "change_message": "[]"}}, {"model": "admin.logentry", "pk": 30, "fields": {"action_time": "2020-09-08T05:39:21.124Z", "user": 2, "content_type": 7, "object_id": "2", "object_repr": "Farmasi", "action_flag": 1, "change_message": "[{\"added\": {}}]"}}, {"model": "admin.logentry", "pk": 31, "fields": {"action_time": "2020-09-08T05:40:56.915Z", "user": 2, "content_type": 7, "object_id": "3", "object_repr": "Instalasi Rawat Jalan", "action_flag": 1, "change_message": "[{\"added\": {}}]"}}, {"model": "admin.logentry", "pk": 32, "fields": {"action_time": "2020-09-08T05:43:40.297Z", "user": 2, "content_type": 7, "object_id": "4", "object_repr": "Instalasi Gawat Darurat", "action_flag": 1, "change_message": "[{\"added\": {}}]"}}, {"model": "admin.logentry", "pk": 33, "fields": {"action_time": "2020-09-08T05:46:47.181Z", "user": 2, "content_type": 7, "object_id": "5", "object_repr": "Instalasi Gizi", "action_flag": 1, "change_message": "[{\"added\": {}}]"}}, {"model": "admin.logentry", "pk": 34, "fields": {"action_time": "2020-09-08T05:49:01.321Z", "user": 2, "content_type": 7, "object_id": "6", "object_repr": "Instalasi Rawat Inap", "action_flag": 1, "change_message": "[{\"added\": {}}]"}}, {"model": "admin.logentry", "pk": 35, "fields": {"action_time": "2020-09-08T05:50:22.849Z", "user": 2, "content_type": 7, "object_id": "7", "object_repr": "Instalasi Fisioterapi", "action_flag": 1, "change_message": "[{\"added\": {}}]"}}, {"model": "admin.logentry", "pk": 36, "fields": {"action_time": "2020-09-08T05:50:51.442Z", "user": 2, "content_type": 9, "object_id": "1", "object_repr": "Rumah Sakit Al-Islam", "action_flag": 2, "change_message": "[{\"changed\": {\"fields\": [\"Fasilitas\"]}}]"}}, {"model": "admin.logentry", "pk": 37, "fields": {"action_time": "2020-09-08T05:57:51.170Z", "user": 2, "content_type": 9, "object_id": "2", "object_repr": "Rumah Sakit Hermina Arcamanik", "action_flag": 1, "change_message": "[{\"added\": {}}]"}}, {"model": "admin.logentry", "pk": 38, "fields": {"action_time": "2020-09-08T06:34:11.039Z", "user": 2, "content_type": 6, "object_id": "2", "object_repr": "cim", "action_flag": 1, "change_message": "[{\"added\": {}}]"}}, {"model": "admin.logentry", "pk": 39, "fields": {"action_time": "2020-09-08T06:34:15.764Z", "user": 2, "content_type": 9, "object_id": "2", "object_repr": "Rumah Sakit Hermina Arcamanik", "action_flag": 2, "change_message": "[{\"changed\": {\"fields\": [\"Daerah\"]}}]"}}, {"model": "admin.logentry", "pk": 40, "fields": {"action_time": "2020-09-08T06:34:32.482Z", "user": 2, "content_type": 6, "object_id": "2", "object_repr": "Cimahi", "action_flag": 2, "change_message": "[{\"changed\": {\"fields\": [\"Daerah\"]}}]"}}, {"model": "admin.logentry", "pk": 41, "fields": {"action_time": "2020-09-08T06:42:35.098Z", "user": 2, "content_type": 9, "object_id": "2", "object_repr": "Rumah Sakit Hermina Arcamanik", "action_flag": 2, "change_message": "[{\"changed\": {\"fields\": [\"Daerah\"]}}]"}}, {"model": "admin.logentry", "pk": 42, "fields": {"action_time": "2020-09-09T10:48:46.956Z", "user": 1, "content_type": 12, "object_id": "3", "object_repr": "mamet", "action_flag": 3, "change_message": ""}}, {"model": "admin.logentry", "pk": 43, "fields": {"action_time": "2020-09-10T05:04:37.090Z", "user": 1, "content_type": 12, "object_id": "7", "object_repr": "yana", "action_flag": 3, "change_message": ""}}, {"model": "admin.logentry", "pk": 44, "fields": {"action_time": "2020-09-10T05:04:37.220Z", "user": 1, "content_type": 12, "object_id": "6", "object_repr": "asep", "action_flag": 3, "change_message": ""}}, {"model": "admin.logentry", "pk": 45, "fields": {"action_time": "2020-09-10T05:04:37.425Z", "user": 1, "content_type": 12, "object_id": "5", "object_repr": "mamet", "action_flag": 3, "change_message": ""}}, {"model": "admin.logentry", "pk": 46, "fields": {"action_time": "2020-09-10T05:04:37.522Z", "user": 1, "content_type": 12, "object_id": "4", "object_repr": "mo", "action_flag": 3, "change_message": ""}}, {"model": "admin.logentry", "pk": 47, "fields": {"action_time": "2020-09-11T05:55:12.047Z", "user": 1, "content_type": 10, "object_id": "2", "object_repr": "Gigi", "action_flag": 1, "change_message": "[{\"added\": {}}]"}}, {"model": "admin.logentry", "pk": 48, "fields": {"action_time": "2020-09-11T05:55:24.824Z", "user": 1, "content_type": 10, "object_id": "3", "object_repr": "THT", "action_flag": 1, "change_message": "[{\"added\": {}}]"}}, {"model": "admin.logentry", "pk": 49, "fields": {"action_time": "2020-09-11T05:55:42.947Z", "user": 1, "content_type": 10, "object_id": "4", "object_repr": "Kebidanan Kandungan", "action_flag": 1, "change_message": "[{\"added\": {}}]"}}, {"model": "admin.logentry", "pk": 50, "fields": {"action_time": "2020-09-11T05:55:52.693Z", "user": 1, "content_type": 10, "object_id": "5", "object_repr": "Klinis", "action_flag": 1, "change_message": "[{\"added\": {}}]"}}, {"model": "admin.logentry", "pk": 51, "fields": {"action_time": "2020-09-11T05:56:02.282Z", "user": 1, "content_type": 10, "object_id": "6", "object_repr": "Psikiatri", "action_flag": 1, "change_message": "[{\"added\": {}}]"}}, {"model": "admin.logentry", "pk": 52, "fields": {"action_time": "2020-09-11T05:56:12.306Z", "user": 1, "content_type": 10, "object_id": "7", "object_repr": "Gigi Anak", "action_flag": 1, "change_message": "[{\"added\": {}}]"}}, {"model": "admin.logentry", "pk": 53, "fields": {"action_time": "2020-09-11T05:56:23.716Z", "user": 1, "content_type": 10, "object_id": "8", "object_repr": "Bedah Digsetif", "action_flag": 1, "change_message": "[{\"added\": {}}]"}}, {"model": "admin.logentry", "pk": 54, "fields": {"action_time": "2020-09-11T05:56:38.430Z", "user": 1, "content_type": 10, "object_id": "9", "object_repr": "Penyakit Dalam", "action_flag": 1, "change_message": "[{\"added\": {}}]"}}, {"model": "admin.logentry", "pk": 55, "fields": {"action_time": "2020-09-11T05:57:40.468Z", "user": 1, "content_type": 10, "object_id": "8", "object_repr": "Bedah Digestif", "action_flag": 2, "change_message": "[{\"changed\": {\"fields\": [\"Spesialis\"]}}]"}}, {"model": "admin.logentry", "pk": 56, "fields": {"action_time": "2020-09-11T05:58:21.065Z", "user": 1, "content_type": 10, "object_id": "10", "object_repr": "Psikosomatik", "action_flag": 1, "change_message": "[{\"added\": {}}]"}}, {"model": "admin.logentry", "pk": 57, "fields": {"action_time": "2020-09-11T06:00:15.159Z", "user": 1, "content_type": 10, "object_id": "11", "object_repr": "Mata", "action_flag": 1, "change_message": "[{\"added\": {}}]"}}, {"model": "admin.logentry", "pk": 58, "fields": {"action_time": "2020-09-11T06:00:23.792Z", "user": 1, "content_type": 10, "object_id": "12", "object_repr": "Urologi", "action_flag": 1, "change_message": "[{\"added\": {}}]"}}, {"model": "admin.logentry", "pk": 59, "fields": {"action_time": "2020-09-11T06:00:56.152Z", "user": 1, "content_type": 10, "object_id": "13", "object_repr": "Mulut dan Maksilofasial", "action_flag": 1, "change_message": "[{\"added\": {}}]"}}, {"model": "admin.logentry", "pk": 60, "fields": {"action_time": "2020-09-11T06:01:06.550Z", "user": 1, "content_type": 10, "object_id": "14", "object_repr": "Anak", "action_flag": 1, "change_message": "[{\"added\": {}}]"}}, {"model": "admin.logentry", "pk": 61, "fields": {"action_time": "2020-09-11T06:01:16.675Z", "user": 1, "content_type": 10, "object_id": "15", "object_repr": "Saraf", "action_flag": 1, "change_message": "[{\"added\": {}}]"}}, {"model": "admin.logentry", "pk": 62, "fields": {"action_time": "2020-09-11T06:01:23.695Z", "user": 1, "content_type": 10, "object_id": "16", "object_repr": "Bedah Saraf", "action_flag": 1, "change_message": "[{\"added\": {}}]"}}, {"model": "admin.logentry", "pk": 63, "fields": {"action_time": "2020-09-11T06:01:48.229Z", "user": 1, "content_type": 10, "object_id": "17", "object_repr": "Jantung dan Pembuluh Darah", "action_flag": 1, "change_message": "[{\"added\": {}}]"}}, {"model": "admin.logentry", "pk": 64, "fields": {"action_time": "2020-09-11T06:02:05.249Z", "user": 1, "content_type": 10, "object_id": "18", "object_repr": "Penyakit Kulit Dan Kelamin", "action_flag": 1, "change_message": "[{\"added\": {}}]"}}, {"model": "admin.logentry", "pk": 65, "fields": {"action_time": "2020-09-11T06:02:18.272Z", "user": 1, "content_type": 10, "object_id": "19", "object_repr": "Gizi", "action_flag": 1, "change_message": "[{\"added\": {}}]"}}, {"model": "admin.logentry", "pk": 66, "fields": {"action_time": "2020-09-11T06:03:16.547Z", "user": 1, "content_type": 10, "object_id": "13", "object_repr": "Bedah Mulut dan Maksilofasial", "action_flag": 2, "change_message": "[{\"changed\": {\"fields\": [\"Spesialis\"]}}]"}}, {"model": "admin.logentry", "pk": 67, "fields": {"action_time": "2020-09-12T06:11:00.498Z", "user": 1, "content_type": 7, "object_id": "8", "object_repr": "Kantin", "action_flag": 1, "change_message": "[{\"added\": {}}]"}}, {"model": "admin.logentry", "pk": 68, "fields": {"action_time": "2020-09-12T06:11:50.384Z", "user": 1, "content_type": 7, "object_id": "9", "object_repr": "Area Parkir", "action_flag": 1, "change_message": "[{\"added\": {}}]"}}, {"model": "admin.logentry", "pk": 69, "fields": {"action_time": "2020-09-12T06:16:15.257Z", "user": 1, "content_type": 7, "object_id": "10", "object_repr": "Instalasi Maternal Perinatal", "action_flag": 1, "change_message": "[{\"added\": {}}]"}}, {"model": "admin.logentry", "pk": 70, "fields": {"action_time": "2020-09-12T06:17:36.515Z", "user": 1, "content_type": 7, "object_id": "11", "object_repr": "Unit Perawatan Intensif", "action_flag": 1, "change_message": "[{\"added\": {}}]"}}, {"model": "admin.logentry", "pk": 71, "fields": {"action_time": "2020-09-12T06:19:02.380Z", "user": 1, "content_type": 7, "object_id": "12", "object_repr": "ATM", "action_flag": 1, "change_message": "[{\"added\": {}}]"}}, {"model": "admin.logentry", "pk": 72, "fields": {"action_time": "2020-09-12T06:20:03.001Z", "user": 1, "content_type": 9, "object_id": "3", "object_repr": "Rumah Sakit Kasih Bunda", "action_flag": 1, "change_message": "[{\"added\": {}}]"}}, {"model": "admin.logentry", "pk": 73, "fields": {"action_time": "2020-09-12T06:29:01.692Z", "user": 1, "content_type": 7, "object_id": "13", "object_repr": "Instalasi Laktasi", "action_flag": 1, "change_message": "[{\"added\": {}}]"}}, {"model": "admin.logentry", "pk": 74, "fields": {"action_time": "2020-09-12T06:30:39.117Z", "user": 1, "content_type": 7, "object_id": "14", "object_repr": "Instalasi Kecantikan", "action_flag": 1, "change_message": "[{\"added\": {}}]"}}, {"model": "admin.logentry", "pk": 75, "fields": {"action_time": "2020-09-12T06:31:50.369Z", "user": 1, "content_type": 7, "object_id": "15", "object_repr": "Bank Darah", "action_flag": 1, "change_message": "[{\"added\": {}}]"}}, {"model": "admin.logentry", "pk": 76, "fields": {"action_time": "2020-09-12T06:32:37.873Z", "user": 1, "content_type": 9, "object_id": "4", "object_repr": "Rumah Sakit Advent Bandung", "action_flag": 1, "change_message": "[{\"added\": {}}]"}}, {"model": "admin.logentry", "pk": 77, "fields": {"action_time": "2020-11-09T05:10:15.656Z", "user": 1, "content_type": 11, "object_id": "1", "object_repr": "Dudung", "action_flag": 1, "change_message": "[{\"added\": {}}]"}}, {"model": "admin.logentry", "pk": 78, "fields": {"action_time": "2020-11-09T05:10:28.628Z", "user": 1, "content_type": 11, "object_id": "1", "object_repr": "Dudung", "action_flag": 3, "change_message": ""}}, {"model": "admin.logentry", "pk": 79, "fields": {"action_time": "2020-11-09T05:18:41.809Z", "user": 1, "content_type": 11, "object_id": "2", "object_repr": "Dudung Syaiful", "action_flag": 1, "change_message": "[{\"added\": {}}]"}}, {"model": "admin.logentry", "pk": 80, "fields": {"action_time": "2020-11-09T05:21:56.043Z", "user": 1, "content_type": 11, "object_id": "3", "object_repr": "Purnomo Selamat", "action_flag": 1, "change_message": "[{\"added\": {}}]"}}, {"model": "admin.logentry", "pk": 81, "fields": {"action_time": "2020-11-09T06:15:39.582Z", "user": 1, "content_type": 11, "object_id": "2", "object_repr": "Dudung Syaiful", "action_flag": 2, "change_message": "[{\"changed\": {\"fields\": [\"Spesialis\"]}}]"}}, {"model": "admin.logentry", "pk": 82, "fields": {"action_time": "2020-11-09T06:16:15.325Z", "user": 1, "content_type": 11, "object_id": "2", "object_repr": "Dudung Syaiful", "action_flag": 2, "change_message": "[{\"changed\": {\"fields\": [\"Spesialis\"]}}]"}}, {"model": "admin.logentry", "pk": 83, "fields": {"action_time": "2020-11-09T06:58:15.595Z", "user": 1, "content_type": 11, "object_id": "4", "object_repr": "Mamat Keramat", "action_flag": 1, "change_message": "[{\"added\": {}}]"}}, {"model": "admin.logentry", "pk": 84, "fields": {"action_time": "2020-11-10T05:50:51.757Z", "user": 1, "content_type": 11, "object_id": "2", "object_repr": "Dudung Syaiful", "action_flag": 2, "change_message": "[{\"changed\": {\"fields\": [\"Spesialis\", \"Rumahsakit\"]}}]"}}, {"model": "admin.logentry", "pk": 85, "fields": {"action_time": "2020-11-10T05:52:05.628Z", "user": 1, "content_type": 11, "object_id": "2", "object_repr": "Dudung Syaiful", "action_flag": 2, "change_message": "[{\"changed\": {\"fields\": [\"Spesialis\"]}}]"}}, {"model": "admin.logentry", "pk": 86, "fields": {"action_time": "2020-11-14T08:25:13.275Z", "user": 1, "content_type": 12, "object_id": "8", "object_repr": "asep", "action_flag": 2, "change_message": "[{\"changed\": {\"fields\": [\"Role\"]}}]"}}, {"model": "admin.logentry", "pk": 87, "fields": {"action_time": "2020-11-14T08:28:21.166Z", "user": 1, "content_type": 12, "object_id": "9", "object_repr": "mamet", "action_flag": 1, "change_message": "[{\"added\": {}}]"}}, {"model": "admin.logentry", "pk": 88, "fields": {"action_time": "2020-11-14T08:28:25.804Z", "user": 1, "content_type": 12, "object_id": "9", "object_repr": "mamet", "action_flag": 2, "change_message": "[{\"changed\": {\"fields\": [\"Role\"]}}]"}}, {"model": "admin.logentry", "pk": 89, "fields": {"action_time": "2020-11-14T08:33:11.685Z", "user": 1, "content_type": 12, "object_id": "9", "object_repr": "mamet", "action_flag": 2, "change_message": "[]"}}, {"model": "admin.logentry", "pk": 90, "fields": {"action_time": "2020-11-14T08:33:18.058Z", "user": 1, "content_type": 12, "object_id": "9", "object_repr": "mamet", "action_flag": 2, "change_message": "[]"}}, {"model": "admin.logentry", "pk": 91, "fields": {"action_time": "2020-11-15T04:58:21.303Z", "user": 1, "content_type": 13, "object_id": "1", "object_repr": "Mamet Khusniawan", "action_flag": 1, "change_message": "[{\"added\": {}}]"}}, {"model": "admin.logentry", "pk": 92, "fields": {"action_time": "2020-11-15T05:37:56.957Z", "user": 1, "content_type": 14, "object_id": "1", "object_repr": "Ganiya Mustafa", "action_flag": 2, "change_message": "[{\"changed\": {\"fields\": [\"User\", \"Nama\", \"No telp\", \"Email\"]}}]"}}, {"model": "admin.logentry", "pk": 93, "fields": {"action_time": "2020-11-15T05:52:14.899Z", "user": 9, "content_type": 13, "object_id": "1", "object_repr": "Mamet Khusniawan", "action_flag": 2, "change_message": "[{\"changed\": {\"fields\": [\"Rumahsakit\"]}}]"}}, {"model": "admin.logentry", "pk": 94, "fields": {"action_time": "2020-11-15T05:55:32.209Z", "user": 9, "content_type": 13, "object_id": "1", "object_repr": "Mamet Khusniawan", "action_flag": 3, "change_message": ""}}, {"model": "admin.logentry", "pk": 95, "fields": {"action_time": "2020-11-15T05:55:32.421Z", "user": 9, "content_type": 13, "object_id": "1", "object_repr": "Mamet Khusniawan", "action_flag": 3, "change_message": ""}}, {"model": "admin.logentry", "pk": 96, "fields": {"action_time": "2020-11-15T05:55:52.977Z", "user": 9, "content_type": 13, "object_id": "2", "object_repr": "Mamet Khusniawan", "action_flag": 1, "change_message": "[{\"added\": {}}]"}}, {"model": "admin.logentry", "pk": 97, "fields": {"action_time": "2020-11-15T05:57:22.106Z", "user": 9, "content_type": 13, "object_id": "2", "object_repr": "Mamet Khusniawan", "action_flag": 3, "change_message": ""}}, {"model": "admin.logentry", "pk": 98, "fields": {"action_time": "2020-11-15T05:57:23.977Z", "user": 9, "content_type": 13, "object_id": "2", "object_repr": "Mamet Khusniawan", "action_flag": 3, "change_message": ""}}, {"model": "admin.logentry", "pk": 99, "fields": {"action_time": "2020-11-15T05:57:43.708Z", "user": 9, "content_type": 13, "object_id": "3", "object_repr": "Mamet Khusniawan", "action_flag": 1, "change_message": "[{\"added\": {}}]"}}, {"model": "admin.logentry", "pk": 100, "fields": {"action_time": "2020-11-15T05:59:40.674Z", "user": 9, "content_type": 13, "object_id": "3", "object_repr": "Mamet Khusniawan", "action_flag": 3, "change_message": ""}}, {"model": "admin.logentry", "pk": 101, "fields": {"action_time": "2020-11-15T05:59:45.848Z", "user": 9, "content_type": 13, "object_id": "3", "object_repr": "Mamet Khusniawan", "action_flag": 3, "change_message": ""}}, {"model": "admin.logentry", "pk": 102, "fields": {"action_time": "2020-11-15T06:00:04.957Z", "user": 9, "content_type": 13, "object_id": "4", "object_repr": "Mamet Khusniawan", "action_flag": 1, "change_message": "[{\"added\": {}}]"}}, {"model": "admin.logentry", "pk": 103, "fields": {"action_time": "2020-11-15T06:02:20.059Z", "user": 9, "content_type": 13, "object_id": "4", "object_repr": "Mamet Khusniawan", "action_flag": 2, "change_message": "[]"}}, {"model": "admin.logentry", "pk": 104, "fields": {"action_time": "2020-11-15T10:09:32.899Z", "user": 9, "content_type": 13, "object_id": "4", "object_repr": "Mamet Khusniawan", "action_flag": 2, "change_message": "[{\"changed\": {\"fields\": [\"Rumahsakit\"]}}]"}}, {"model": "admin.logentry", "pk": 105, "fields": {"action_time": "2020-11-23T07:11:24.080Z", "user": 1, "content_type": 9, "object_id": "5", "object_repr": "aaa", "action_flag": 3, "change_message": ""}}, {"model": "admin.logentry", "pk": 106, "fields": {"action_time": "2020-11-23T07:13:46.902Z", "user": 1, "content_type": 9, "object_id": "6", "object_repr": "aaa", "action_flag": 3, "change_message": ""}}, {"model": "admin.logentry", "pk": 107, "fields": {"action_time": "2020-12-17T03:22:54.771Z", "user": 1, "content_type": 12, "object_id": "9", "object_repr": "mamet", "action_flag": 2, "change_message": "[]"}}, {"model": "admin.logentry", "pk": 108, "fields": {"action_time": "2021-03-01T09:31:16.463Z", "user": 1, "content_type": 7, "object_id": "16", "object_repr": "Ruang Tunggu", "action_flag": 1, "change_message": "[{\"added\": {}}]"}}, {"model": "admin.logentry", "pk": 109, "fields": {"action_time": "2021-03-01T09:31:27.962Z", "user": 1, "content_type": 7, "object_id": "17", "object_repr": "High Care Unit (HCU)", "action_flag": 1, "change_message": "[{\"added\": {}}]"}}, {"model": "admin.logentry", "pk": 110, "fields": {"action_time": "2021-03-01T09:31:38.797Z", "user": 1, "content_type": 7, "object_id": "18", "object_repr": "Instalasi Bedah", "action_flag": 1, "change_message": "[{\"added\": {}}]"}}, {"model": "admin.logentry", "pk": 111, "fields": {"action_time": "2021-03-01T09:31:48.372Z", "user": 1, "content_type": 7, "object_id": "19", "object_repr": "Medical Check Up", "action_flag": 1, "change_message": "[{\"added\": {}}]"}}, {"model": "admin.logentry", "pk": 112, "fields": {"action_time": "2021-03-01T09:31:56.479Z", "user": 1, "content_type": 7, "object_id": "20", "object_repr": "Instalasi Radiologi", "action_flag": 1, "change_message": "[{\"added\": {}}]"}}, {"model": "admin.logentry", "pk": 113, "fields": {"action_time": "2021-03-01T09:44:58.674Z", "user": 1, "content_type": 8, "object_id": "21", "object_repr": "Poliklinik Telinga Hidung Tenggorokan", "action_flag": 1, "change_message": "[{\"added\": {}}]"}}, {"model": "admin.logentry", "pk": 114, "fields": {"action_time": "2021-03-01T09:45:16.071Z", "user": 1, "content_type": 8, "object_id": "22", "object_repr": "Poliklinik Patologi Anatomi", "action_flag": 1, "change_message": "[{\"added\": {}}]"}}, {"model": "admin.logentry", "pk": 115, "fields": {"action_time": "2021-03-01T09:51:49.562Z", "user": 1, "content_type": 8, "object_id": "21", "object_repr": "Poliklinik Telinga Hidung Tenggorokan", "action_flag": 3, "change_message": ""}}, {"model": "admin.logentry", "pk": 116, "fields": {"action_time": "2021-03-01T09:55:24.944Z", "user": 1, "content_type": 8, "object_id": "23", "object_repr": "Poliklinik Patologi", "action_flag": 1, "change_message": "[{\"added\": {}}]"}}, {"model": "admin.logentry", "pk": 117, "fields": {"action_time": "2021-03-01T09:55:33.889Z", "user": 1, "content_type": 8, "object_id": "24", "object_repr": "Poliklinik Anestesiologi dan Terapi Intensif", "action_flag": 1, "change_message": "[{\"added\": {}}]"}}]